,aaa,bbb,ccc
aaa,0,0.4366518462932128,0.2491645550508882
bbb,0.4366518462932128,0,0.18353560086970297
ccc,0.2491645550508882,0.18353560086970297,0
